{"cameraMode":{"drawMode":0,"name":"Shaded","section":"Shading Mode"},"sceneLighting":true,"audioPlay":false,"sceneViewState":{"showFog":true,"showMaterialUpdate":false,"showSkybox":false,"showFlares":true,"showImageEffects":true,"showParticleSystems":true},"in2DMode":false,"pivot":{"x":114.40006256103516,"y":15.734964370727539,"z":23.754384994506837},"rotation":{"x":0.20261643826961518,"y":-0.5380058884620667,"z":0.13510611653327943,"w":0.8070177435874939},"size":1.9010627269744874,"orthographic":false}