{"cameraMode":{"drawMode":0,"name":"Shaded","section":"Shading Mode"},"sceneLighting":false,"audioPlay":false,"sceneViewState":{"showFog":true,"showMaterialUpdate":false,"showSkybox":false,"showFlares":true,"showImageEffects":true,"showParticleSystems":true},"in2DMode":false,"pivot":{"x":-0.13964708149433137,"y":1.017212152481079,"z":-0.24988910555839539},"rotation":{"x":0.05671102926135063,"y":0.32430827617645266,"z":-0.019481884315609933,"w":0.9440492391586304},"size":1.0656564235687256,"orthographic":false}