{"cameraMode":{"drawMode":0,"name":"Shaded","section":"Shading Mode"},"sceneLighting":false,"audioPlay":false,"sceneViewState":{"showFog":true,"showMaterialUpdate":false,"showSkybox":false,"showFlares":true,"showImageEffects":true,"showParticleSystems":true},"in2DMode":false,"pivot":{"x":-5.725778102874756,"y":0.490318238735199,"z":-5.533769607543945},"rotation":{"x":-0.06918371468782425,"y":0.8150248527526856,"z":-0.09951569139957428,"w":-0.566608190536499},"size":11.178083419799805,"orthographic":false}